<list display="git">
  <action id="CheckinProject" />
  <action id="Git.Stash" />
  <action id="Git.Unstash" />
  <action id="ChangesView.Revert" />
  <action id="Git.Merge" />
  <action id="Git.Pull" />
  <action id="Vcs.Push" />
  <action id="Annotate" />
  <action id="Git.CreateNewBranch" />
  <action id="Vcs.ShowTabbedFileHistory" />
  <action id="Git.SelectInGitLog" />
  <action id="Git.Tag" />
  <action id="GitCheckoutFromInputAction" />
  <action id="Git.Branches" />
</list>