<keymap version="1" name="IntelliJ IDEA Classic copy" parent="Mac OS X">
  <action id="$LRU">
    <keyboard-shortcut first-keystroke="meta a" second-keystroke="c" />
  </action>
  <action id="$Paste" />
  <action id="$SelectAll" />
  <action id="Back">
    <keyboard-shortcut first-keystroke="meta alt left" />
    <mouse-shortcut keystroke="button4" />
    <keyboard-shortcut first-keystroke="meta i" />
  </action>
  <action id="CloseAllEditors">
    <keyboard-shortcut first-keystroke="meta a" second-keystroke="k" />
  </action>
  <action id="CloseContent">
    <keyboard-shortcut first-keystroke="meta f4" />
    <keyboard-shortcut first-keystroke="meta w" />
  </action>
  <action id="CollapseSelection" />
  <action id="Console.TableResult.DeleteRows" />
  <action id="DatabaseView.DataSourcePasteAction" />
  <action id="Editor LRU">
    <keyboard-shortcut first-keystroke="meta a" second-keystroke="c" />
  </action>
  <action id="EditorDeleteLine" />
  <action id="EditorPaste" />
  <action id="EditorSelectWord">
    <keyboard-shortcut first-keystroke="meta y" />
  </action>
  <action id="ExternalSystem.ProjectRefreshAction" />
  <action id="Forward">
    <keyboard-shortcut first-keystroke="meta alt right" />
    <mouse-shortcut keystroke="button5" />
    <keyboard-shortcut first-keystroke="meta o" />
  </action>
  <action id="Generate.Missing.Members.ES6" />
  <action id="Generate.Missing.Members.TypeScript" />
  <action id="GotoLine" />
  <action id="GotoRow" />
  <action id="ImplementMethods" />
  <action id="MaximizeEditorInSplit">
    <keyboard-shortcut first-keystroke="meta a" second-keystroke="m" />
  </action>
  <action id="MaximizeToolWindow">
    <keyboard-shortcut first-keystroke="shift meta quote" />
    <keyboard-shortcut first-keystroke="meta a" second-keystroke="m" />
  </action>
  <action id="MethodHierarchy.ImplementMethodAction" />
  <action id="NextProjectWindow">
    <keyboard-shortcut first-keystroke="meta alt close_bracket" />
    <keyboard-shortcut first-keystroke="meta a" second-keystroke="o" />
  </action>
  <action id="NextSplitter">
    <keyboard-shortcut first-keystroke="alt tab" />
    <keyboard-shortcut first-keystroke="meta l" />
  </action>
  <action id="NextTab">
    <keyboard-shortcut first-keystroke="shift meta o" />
  </action>
  <action id="OpenInRightSplit">
    <keyboard-shortcut first-keystroke="shift enter" />
    <mouse-shortcut keystroke="alt button1 doubleClick" />
    <keyboard-shortcut first-keystroke="meta v" />
  </action>
  <action id="OverrideMethods" />
  <action id="PrevSplitter">
    <keyboard-shortcut first-keystroke="shift alt tab" />
    <keyboard-shortcut first-keystroke="meta h" />
  </action>
  <action id="PreviousProjectWindow">
    <keyboard-shortcut first-keystroke="meta alt open_bracket" />
    <keyboard-shortcut first-keystroke="meta a" second-keystroke="i" />
  </action>
  <action id="PreviousTab">
    <keyboard-shortcut first-keystroke="shift meta i" />
  </action>
  <action id="QuickImplementations" />
  <action id="Refactorings.QuickListPopupAction">
    <keyboard-shortcut first-keystroke="shift meta alt t" />
    <keyboard-shortcut first-keystroke="meta comma" second-keystroke="up" />
  </action>
  <action id="RenameElement">
    <keyboard-shortcut first-keystroke="shift f6" />
    <keyboard-shortcut first-keystroke="meta comma" second-keystroke="down" />
  </action>
  <action id="ShowErrorDescription">
    <keyboard-shortcut first-keystroke="meta f1" />
    <keyboard-shortcut first-keystroke="meta period" second-keystroke="meta period" />
  </action>
  <action id="ShowIntentionActions">
    <keyboard-shortcut first-keystroke="alt enter" />
    <keyboard-shortcut first-keystroke="meta comma" second-keystroke="meta comma" />
  </action>
  <action id="ShowSettings" />
  <action id="SmartSelect">
    <keyboard-shortcut first-keystroke="meta g" />
  </action>
  <action id="SplitVertically">
    <keyboard-shortcut first-keystroke="meta a" second-keystroke="v" />
  </action>
  <action id="TableResult.GrowSelection">
    <keyboard-shortcut first-keystroke="meta g" />
  </action>
  <action id="TableResult.SelectColumn">
    <keyboard-shortcut first-keystroke="meta g" />
  </action>
  <action id="Terminal.ClearBuffer">
    <keyboard-shortcut first-keystroke="meta k" />
  </action>
  <action id="Terminal.Paste">
    <keyboard-shortcut first-keystroke="shift insert" />
  </action>
  <action id="Terminal.SelectAll" />
  <action id="Vcs.Log.FocusTextFilter" />
  <action id="org.intellij.plugins.markdown.ui.actions.styling.ToggleItalicAction" />
</keymap>